1;DH_CRIACAO;ID_META;DS_TITULO;DS_BANDEIRA;
2;15/08/2023,;LqXKSR78Kb,;Prouni Lista de Espera 15.08,;UNIASSELVI;
3;17/08/2023;5sI7oDoIGD;feirao_cobranca_17082023;UNIASSELVI;
4;18/08/2023;mrQ31gHusC;D+7 Incentivada 21.08;UNIASSELVI;
5;18/08/2023;LhQIkK6uWb;Inscritos Presencial 18.08.23;UNIASSELVI;
6;21/08/2023;lfGz008bAB;solicitação_avaliação_leo_app;UNIASSELVI;
7;22/08/2023;KPXK6fJCFC;cobranca_feirao_22082023;UNIASSELVI;
8;22/08/2023;1zOLjSmxcj;TÉC/PROF: BASE CURSOS LIVRES;UNIASSELVI;
9;24/08/2023;u20nNFv4v2;Incentivada D+7 28.08;UNIASSELVI;
10;25/08/2023;6UdUSvX0Dj;colacao_e_hoje_ead_25082023;UNIASSELVI;
11;25/08/2023;CJLE0W3SqI;PÓS - FORMADOS 2;UNIASSELVI;
12;25/08/2023;bTgfH040Nt;colacao_e_hoje_hibrido_25082023;UNIASSELVI;
13;25/08/2023;t4Sylnc3Jx;Novo onboarding avaliações 001;UNIASSELVI;
14;25/08/2023;M6FcPo09jq;Rematrícula Tardia - Nova versão 01;UNIASSELVI;
15;25/08/2023;Qc3pejnFQM;Prazo excedido Avaliação - Matrículas;UNIASSELVI;
16;28/08/2023;wnvvTSUjCv;Último dia Prouni 28.08;UNIASSELVI;
17;28/08/2023;NjZHoOtCVM;202308568562_vaga_estagio;UNIASSELVI;
18;28/08/2023;1dWflCFies;202308564756_base_curricularização;UNIASSELVI;
19;29/08/2023;qgxR1WEhZ2;202308572348-financeiro-uniasselvi;UNIASSELVI;
20;29/08/2023;Ex4zKOozEk;Inscritos D+7 29.08;UNIASSELVI;
21;29/08/2023;Pk2Xodg6is;disparo-2-feirão-29082023;UNIASSELVI;
22;31/08/2023;UX7YpT8Mku;Feirão - Alto e medio crédito;UNIASSELVI;
23;01/09/2023;iCBlRgSJ2k;D+3 Incentivada 04.08;UNIASSELVI;
24;04/09/2023;enSssDXyxo;U-COBRANCA-202309586187;UNIASSELVI;
25;04/09/2023;vEwvg3eRUc;Inscritos_Presencial_04.09.23;UNIASSELVI;
26;05/09/2023;DRPHToOWUH;U-COBRANCA-202309591916;UNIASSELVI;
27;05/09/2023;CePcpqMYjE;HSM Pré Inscrito Bot 05.09;UNIASSELVI;
28;06/09/2023;X6GeQCxo0N;Feirão - S/Oferta;UNIASSELVI;
29;06/09/2023;ZshPPFaClV;Feirão Com Oferta;UNIASSELVI;
30;08/09/2023;UjjUQ20NHw;U-msg_captacao_08092023;UNIASSELVI;
31;11/09/2023;15qmtHftX7;Incentivada D3 D10 11.09;UNIASSELVI;
32;11/09/2023;DG3il6AZus;TÉC/PROF CROSS-SELL;UNIASSELVI;
33;12/09/2023;MamLt4Qwpc;U-cobranca-202309610733;UNIASSELVI;
34;13/09/2023;Tnr6CSt5m5;Dia do Agronomo - 13.09.2023;UNIASSELVI;
35;14/09/2023;fAcNuaWAon;U-ENADE-202309592501_1;UNIASSELVI;
36;14/09/2023;Hl6Ds8mfr4;Retenção pós-graduação;UNIASSELVI;
37;15/09/2023;xg7GixiRl6;EGJ - CANCELAMENTO PÓS;UNIASSELVI;
38;15/09/2023;iCrJRcSv6y;WhatsApp Informação SP;UNIASSELVI;
39;15/09/2023;yJgoAeEhvA;WhatsApp Informação SP Oportunidade;UNIASSELVI;
40;15/09/2023;Y1gbdqASF3;WhatsApp Informação SP Lead;UNIASSELVI;
41;16/09/2023;cDtYREARlW;Incentivada D+7 18.08;UNIASSELVI;
42;16/09/2023;fxTPbxOsje;Incentivada Farroupilha D+7 18.08;UNIASSELVI;
43;19/09/2023;BEDrqlA0rK;Winback EAD Grupo 124;UNIASSELVI;
44;19/09/2023;cxYjG9nGl0;Winback EAD Grupo 3;UNIASSELVI;
45;21/09/2023;b7PzbEU8Hb;U-ONBORDING-202309636189;UNIASSELVI;
46;21/09/2023;Jg5YkPUFEQ;U-RELACIONAMENTO-202309636284;UNIASSELVI;
47;21/09/2023;1kixTKFiDu;Semana Farroupilha 25.09 D+3;UNIASSELVI;
48;21/09/2023;63BmzVXzPd;Estágio Remunerado 02;UNIASSELVI;
49;21/09/2023;QjZ3lZAoJK;Estágio Remunerado 1;UNIASSELVI;
50;21/09/2023;eCsruPSeUS;Incentivada D+3 25.09;UNIASSELVI;
51;22/09/2023;xSCJB2jm6I;WhatsApp 60 22.09;UNIASSELVI;
52;22/09/2023;iAZbaI5CQf;BASE MUITO QUENTE - ADI;UNIASSELVI;
53;22/09/2023;IXx6xwehXh;BASE RECOMEÇO;UNIASSELVI;
54;25/09/2023;stQTGCfELp;Rematrícula - INA;UNIASSELVI;
55;26/09/2023;g2zVvgTFUJ;WhatsApp 60 26.09;UNIASSELVI;
56;28/09/2023;EjzcnYW5eC;D+7 Incentivada 30.09;UNIASSELVI;
57;28/09/2023;41ZXsCLJdm;D+7 Incentivada Farroupilha 30.09;UNIASSELVI;
58;28/09/2023;qkg3BqL4GQ;WhatsApp 60 28.09;UNIASSELVI;
59;28/09/2023;IvqKag9fmH;WhatsApp 65 28.09 Parte 01;UNIASSELVI;
60;02/10/2023;7ZTWIiReyQ;ENADE 01;UNIASSELVI;
61;02/10/2023;w7PPXorGMQ;Estágio Remunerado 02 - Fale com a gente;UNIASSELVI;
62;03/10/2023;1YER47J5u8;HSM Bot 03.10;UNIASSELVI;
63;03/10/2023;9IiZ3Nu57w;PÓS - VENCIDOS GERAL;UNIASSELVI;
64;03/10/2023;M4Q7hiJ3hB;Recomeço - (Bem-Vindos);UNIASSELVI;
65;04/10/2023;UISO7SCTz3;Início das Aulas B;UNIASSELVI;
66;04/10/2023;N11I8CrqhA;Início das Aulas A;UNIASSELVI;
67;04/10/2023;KSs4GATrlZ;Aceite de Contrato 1;UNIASSELVI;
68;04/10/2023;DnigwlrMfu;Errata - Recomeço;UNIASSELVI;
69;04/10/2023;Dy9CxYA0s3;PÓS - BOLETOS DO DIA (REFORÇO);UNIASSELVI;
70;04/10/2023;8hJjOqUaDJ;PÓS - VENCIDOS (REFORÇO);UNIASSELVI;
71;05/10/2023;uyhiKdHjlH;Boleto-com-problema;UNIASSELVI;
72;05/10/2023;U0vSyWfnlo;PÓS - VENCIDOS SET/AGO;UNIASSELVI;
73;05/10/2023;YZpVcHyZBD;Incentivada D+11 05.10;UNIASSELVI;
74;05/10/2023;3y0BMfROup;TEC/PROF INSCRITOS -2 (correto);UNIASSELVI;
75;06/10/2023;cTP6qLO9Hv;PRÉ - REFORÇO;UNIASSELVI;
76;06/10/2023;9nx5a8YqCD;PÓS - VENCER 5% MATRÍCULA;UNIASSELVI;
77;06/10/2023;FBx0iTxoOp;PÓS REFORÇO VENCIDOS;UNIASSELVI;
78;06/10/2023;N9iCsBjW4W;TÉC/PROF N CONVERTIDOS INICIO EDITAL;UNIASSELVI;
79;06/10/2023;SvZMKtAWTP;PÓS PRÉ AGOSTO/JULHO;UNIASSELVI;
80;07/10/2023;hP3CwHAEOY;Incentivada D+3 07.10;UNIASSELVI;
81;10/10/2023;gIos0fbBiI;Atendimento Leo App_2;UNIASSELVI;
82;10/10/2023;nKAFKV5iUs;Identificação_avaliação_leo_;UNIASSELVI;
83;10/10/2023;22YgFm4Dt7;Dia do Engenheiro Agrônomo - 12.10;UNIASSELVI;
84;10/10/2023;V7c1yYgejX;FUMDES Alunos - Inscrição Incompleta;UNIASSELVI;
85;10/10/2023;HTxs2IVQJQ;FUMDES Alunos - Inscrição Incompleta 2;UNIASSELVI;
86;10/10/2023;62BqA7FdcF;PÓS - VENCIDOS DIA DAS CRIANÇAS;UNIASSELVI;
87;10/10/2023;gImagnIQSS;PÓS - INDICAÇÃO PREMIADA;UNIASSELVI;
88;10/10/2023;DF9qrll7KH;FUMDES Alunos - Inscrição Completa;UNIASSELVI;
89;10/10/2023;uebq6xqoL1;FUMDES Alunos - Inscrição Completa 2;UNIASSELVI;
90;11/10/2023;tZWWV7GKFA;Semana do Tecnologo 11.10;UNIASSELVI;
91;11/10/2023;YjNFzjLOOp;PÓS - PRÉ INSCRITOS (REFORÇO);UNIASSELVI;
92;11/10/2023;jiTU5i2BRj;D+7 Incentivada 16.10;UNIASSELVI;
93;11/10/2023;pl7ZjzdOvl;Recomeço - Prorrogação;UNIASSELVI;
94;11/10/2023;ml7Y1cJ6yE;Prorrogação Boleto Recomeço;UNIASSELVI;
95;11/10/2023;PhSNBIPE7k;PESQUISA PÓS SETEMBRO;UNIASSELVI;
96;11/10/2023;R7tTrYHTko;PESQUISA TÉCNICO SETEMBRO;UNIASSELVI;
97;11/10/2023;fLHdFbRIVg;PESQUISA PROFISSIONALIZANTE SETEMBRO;UNIASSELVI;
98;11/10/2023;J09gQuPO6v;PESQUISA PÓS SETEMBRO COMPLEMENTO;UNIASSELVI;
99;01/11/2019;Z51uty0Y6J;Mensagem URA Aluno;UNIASSELVI;
100;16/03/2020;cphugcFsk1;Inscrição concluída;UNIASSELVI;
101;16/03/2020;n7i1yS8M7t;Continuar inscrição;UNIASSELVI;
102;16/03/2020;6oNaj0qWBs;Finalizar inscrição;UNIASSELVI;
103;16/03/2020;NpAf3Fadn5;Continuar semipresencial;UNIASSELVI;
104;16/03/2020;r4HJ6OvhSh;Continuar online;UNIASSELVI;
105;16/03/2020;NJbtqQFlDn;Continuar por cliente existente;UNIASSELVI;
106;16/03/2020;f3iW9fQk16;Continuar cliente não existente;UNIASSELVI;
107;16/03/2020;lOJksVwnD4;Continuar ligação recente;UNIASSELVI;
108;16/03/2020;MTI1SxcjYV;Continuar por confirmação;UNIASSELVI;
109;16/03/2020;CPojh5yMOt;Contirnuar por configuração 2;UNIASSELVI;
110;16/03/2020;CmouIKnnar;Continuar por desistÊncia;UNIASSELVI;
111;16/03/2020;uKbsGCQzdk;Parabenizar o estudante;UNIASSELVI;
112;16/03/2020;S2DAuR0Sbg;Instabilidade no AVA;UNIASSELVI;
113;16/03/2020;7lzeJ8onhV;Alteração de endereço;UNIASSELVI;
114;16/03/2020;qUvqOZPTLp;Alteração semepresencial para Flex;UNIASSELVI;
115;16/03/2020;J55A13Fpkq;Alteração de agendamento;UNIASSELVI;
116;16/03/2020;D8vR3XTzjc;Sem aula;UNIASSELVI;
117;16/03/2020;bqfiSH76iN;Confirmação 3;UNIASSELVI;
118;16/03/2020;EHbrDONymf;Ambiente Virtual;UNIASSELVI;
119;16/03/2020;L3zbOV8dd6;Ambiente Virtual 1;UNIASSELVI;
120;16/03/2020;9RcuBsGl8D;Continuar inscrição;UNIASSELVI;
121;16/03/2020;sNGrj5XQt8;Reposição de aulas;UNIASSELVI;
122;16/03/2020;k5dOQqD7K3;Continuar inscrição 2;UNIASSELVI;
123;26/03/2020;645HFivCv7;element_name: continue_from_subscription_5;UNIASSELVI;
124;26/03/2020;2386tUDbaV;element_name: continue_from_subscription_7;UNIASSELVI;
125;30/03/2020;68H55dZB15;continue_from_postgraduate_subscripition;UNIASSELVI;
126;27/04/2020;xEKqyHMwOE;continue_from_livechat5;UNIASSELVI;
127;28/05/2020;TfRsppjReo;uniasselvi_01;UNIASSELVI;
128;02/06/2020;7h79cmXJFv;continue_from_uniasselvi_02;UNIASSELVI;
129;02/06/2020;sQ5wWKRCRv;continue_from_uniasselvi_03;UNIASSELVI;
130;02/06/2020;KIu3Z0R0ly;continue_from_uniasselvi_04;UNIASSELVI;
131;10/08/2020;IVztV3UOYP;uniasselvi_boasvindas;UNIASSELVI;
132;17/12/2020;EMPr1GgHi6;Confirmação de Matrícula - Graduação EAD (Com Boleto);UNIASSELVI;
133;03/02/2021;7VoxCuPFoB;CURSO TÉCNICO (100% DE DESCONTO NA MATRÍCULA):;UNIASSELVI;
134;03/02/2021;WiPgZDCRsw;MATRÍCULADOS COM BOLETO (PMA):;UNIASSELVI;
135;16/03/2021;ObPHmILoCA;Retomar Contato - Inscrito;UNIASSELVI;
136;17/01/2022;5ubMfIUWNu;Importância do processo de Onboarding;UNIASSELVI;
137;17/01/2022;nxZny7hqDc;Aluno não realizou as provas 1 e 2;UNIASSELVI;
138;17/01/2022;eWnZBJ6Zqd;Mudança da data prevista para início das aulas;UNIASSELVI;
139;25/01/2022;YWicdobrSQ;UNIEDU – ABORDAGEM 1;UNIASSELVI;
140;16/02/2022;VgD7yUzaRG;UNIEDU - Inscrição Incompleta;UNIASSELVI;
141;03/03/2022;jiYkoGvWOo;Declarações UNIEDU;UNIASSELVI;
142;11/05/2022;UuIHGvJpjK;Vencidos – Pós;UNIASSELVI;
143;13/05/2022;GS8AtdSfF8;Oferta Especial;UNIASSELVI;
144;05/07/2022;8vf0NvTyfN;Mensagem relacionamento com aluno;UNIASSELVI;
145;02/08/2022;lBWNezSxZy;UNIEDU - Inscrição Incompleta;UNIASSELVI;
146;02/08/2022;0mWZNOmnYv;UNIEDU - Inscrição Incompleta;UNIASSELVI;
147;02/08/2022;u4wiIAMNNz;UNIEDU - Inscrição Incompleta;UNIASSELVI;
148;02/08/2022;7sCPSHBLCx;UNIEDU Renovação incompleta - Pesquisa;UNIASSELVI;
149;02/08/2022;SoxcxXttD9;UNIEDU Renovação incompleta - Pesquisa;UNIASSELVI;
150;02/08/2022;VBftlT5ZNH;UNIEDU Renovação incompleta – Extensão;UNIASSELVI;
151;02/08/2022;pKDhoVQMZZ;UNIEDU Renovação incompleta – Extensão;UNIASSELVI;
152;14/09/2022;A8LbJBgBxd;Piloto – Retenção;UNIASSELVI;
153;23/09/2022;27aWNmA7GZ;Cobrança 1;UNIASSELVI;
154;23/09/2022;r67JNdumrw;Cobrança 2;UNIASSELVI;
155;23/09/2022;0KalATH56f;Cobrança 3;UNIASSELVI;
156;23/09/2022;tohdz1Wc4r;Cobrança 4;UNIASSELVI;
157;28/09/2022;AAX7oprg4z;Cobrança 1 – s/horário;UNIASSELVI;
158;28/09/2022;C5ZUJvsPgU;Cobrança 2 - s/horário;UNIASSELVI;
159;28/09/2022;IiCYl4vRnH;Cobrança 3 - s/horário;UNIASSELVI;
160;28/09/2022;tL1v6iOzeX;Cobrança 4 - s/horário;UNIASSELVI;
161;29/09/2022;KHxWuRiU13;UNIEDU Renovação incompleta - Pesquisa;UNIASSELVI;
162;05/10/2022;T0TqCLHH4j;Ação feirão e rematrícula;UNIASSELVI;
163;18/10/2022;RlyRPqweSI;Rematrícula;UNIASSELVI;
164;28/10/2022;39X2cRq5cz;Enade 2022;UNIASSELVI;
165;28/10/2022;1govaMDGZV;Pedido de cancelamento;UNIASSELVI;
166;18/11/2022;iYaYVDD8Ec;Pós Graduação;UNIASSELVI;
167;23/11/2022;UAzGJ8ssnT;PÓS - BOAS VINDAS 1 – INSCRITOS NOVOS;UNIASSELVI;
168;23/11/2022;BOMesxdXWN;PÓS - LEO APP 1 – INSCRITOS NOVOS;UNIASSELVI;
169;23/11/2022;BuX9l6DEhh;PÓS - AVALIAÇÕES DISPONÍVEIS 1 – INSCRITOS NOVOS;UNIASSELVI;
170;23/11/2022;0CVVYP8HKp;PÓS - LEMBRETE 1 - INSCRITOS NOVOS;UNIASSELVI;
171;23/11/2022;H5b85qUaiz;PÓS - DIFERENCIAIS 1 - INSCRITOS NOVOS;UNIASSELVI;
172;05/12/2022;WCgFXMdqyp;Demandas E-mail do Presidente;UNIASSELVI;
173;06/12/2022;dueL5XKkTU;Avaliação Final;UNIASSELVI;
174;06/12/2022;fKof5es3ZL;Recuperação de Inadimplência;UNIASSELVI;
175;07/12/2022;gDUiTHSfFm;PÓS – INDICAÇÃO PREMIADA (SEM INSCRIÇÃO);UNIASSELVI;
176;07/12/2022;ylDIEdamBx;Financeiro - 1 a 2 anos;UNIASSELVI;
177;07/12/2022;obfPZ0F9If;Financeiro - 31 a 180 dias;UNIASSELVI;
178;09/12/2022;lUCAO5NHSV;Comunicação 1;UNIASSELVI;
179;09/12/2022;xs8rYshcER;Comunicação 2;UNIASSELVI;
180;22/12/2022;WBXrtTse5g;Bolsa de estudos;UNIASSELVI;
181;11/01/2023;a5SbHS6GkT;PÓS TRANCADOS – ENGAJAMENTO;UNIASSELVI;
182;11/01/2023;R56Er93d0L;PÓS CANCELADOS – ENGAJAMENTO;UNIASSELVI;
183;18/01/2023;AfszLrBZTm;INSCRITOS PÓS-GRADUAÇÃO 2;UNIASSELVI;
184;23/01/2023;blOXBXm0TN;INSCRITOS PÓS 3;UNIASSELVI;
185;24/01/2023;dzScfvUEQt;Inscritos Pós (Boleto do dia);UNIASSELVI;
186;24/01/2023;Diiyci4z20;Inscritos Pós (Vencidos);UNIASSELVI;
187;25/01/2023;SBCZmK6mBO;INSCRITOS PÓS 3 (COM BOTÃO);UNIASSELVI;
188;25/01/2023;MYKG059JQ7;PÓS INSCRITOS (COM BOTÃO);UNIASSELVI;
189;25/01/2023;iaEsIemGBO;ACESSO MAT. FREE;UNIASSELVI;
190;26/01/2023;vny99whKG7;INSCRITOS PÓS LÉO APP;UNIASSELVI;
191;02/02/2023;pCW7k7Dv6u;PRÉ INSCRITOS PÓS 1;UNIASSELVI;
192;06/02/2023;SSLAD6QRZz;Inscritos Pós MatFREE;UNIASSELVI;
193;06/02/2023;AyFWyE4bqa;Calouro com nota;UNIASSELVI; SD
194;06/02/2023;uFOwtDshqR;Calouro com nota;UNIASSELVI;
195;06/02/2023;qm7adihBU7;Calouro sem nota;UNIASSELVI;
196;06/02/2023;qhXZJNdBVB;Convite EPs Pré-Projeto Onboarding 1;UNIASSELVI;
197;07/02/2023;m6y1Ey5MQ9;RET - Oferta Especial;UNIASSELVI;
198;08/02/2023;XXtWxhNQ7N;Feirão - Financeiro;UNIASSELVI;
199;08/02/2023;qGmCy25Jcx;MTF - Engajamento;UNIASSELVI;
200;08/02/2023;xy5umR5DTN;*Convite EPs Pré-Projeto Onboarding;UNIASSELVI;
201;10/02/2023;dEVx4fNzof;MTF - Vencidos;UNIASSELVI;
202;14/02/2023;NJZGOXuXh2;MTF - Vencidos Campanha;UNIASSELVI;
203;14/02/2023;EyEAY6DOXJ;Uniedu - Documentos Pendentes;UNIASSELVI;
204;15/02/2023;3X2LcIdHfH;Ação 2 - Feirão Financeiro;UNIASSELVI;
205;17/02/2023;sZudd4aL6B;MTF - Vencidos novo;UNIASSELVI;
206;19/02/2023;Xp88pEPiP4;Veteranos - Antes do Início das Aulas;UNIASSELVI;
207;19/02/2023;lmPABhunBr;Veteranos - Início das Aulas;UNIASSELVI;
208;22/02/2023;fOxpelHFoE;Feirão Ação 3;UNIASSELVI;
209;24/02/2023;Zk1Ge5CrQX;Ação Recomeço 23/1 (Calouros 22/2);UNIASSELVI;
210;24/02/2023;2FWdVDbjX8;MTF- A vencer Campanha;UNIASSELVI;
211;24/02/2023;nGepOII9hj;MTF - Vencidos especial campanha;UNIASSELVI;
212;28/02/2023;KnxJ94DlMn;MTF - Vence hoje;UNIASSELVI;
213;28/02/2023;uuOpBRIugM;MTF - VENCIDOS FREE;UNIASSELVI;
214;28/02/2023;ZKwK75tYCj;Ação Recomeço 23/1 (Calouros 22/2) V2;UNIASSELVI;
215;01/03/2023;bo1Z8tcy6O;Feirão_Ação4;UNIASSELVI;
216;02/03/2023;MQjd25mBZh;LeoApp - Boas Vindas;UNIASSELVI;
217;06/03/2023;L6f2T0t4kj;MTF - Vencidos antigos;UNIASSELVI;
218;06/03/2023;xqG3PXb8Jt;MTF - a vencer com aceite;UNIASSELVI;
219;07/03/2023;USq3QkBRcX;Ação_Feirão5;UNIASSELVI;
220;08/03/2023;uVEfxgaNs0;Recomeço V3;UNIASSELVI;
221;09/03/2023;p6UbBGZYjJ;Prouni Pre-selecionado 1 Chamada;UNIASSELVI;
222;10/03/2023;ZKcnZAWKVK;Recomeço 23/1 – Veteranos;UNIASSELVI;
223;10/03/2023;X3IDeX0WJJ;Recomeço 23/1 – Veteranos (sem débito);UNIASSELVI;
224;13/03/2023;YjAZYB6wKF;SEMANA DO CONSUMIDOR;UNIASSELVI;
225;14/03/2023;MeGLIzy8u6;FP_Pedagogia;UNIASSELVI;
226;16/03/2023;QcjofFwsEb;Prouni 16.03 Pre-selecionado;UNIASSELVI;
227;16/03/2023;p22cKHJCMi;Rematrícula Tardia 02;UNIASSELVI;
228;16/03/2023;4sjm0wFKMe;Rematrícula Tardia 03;UNIASSELVI;
229;16/03/2023;555fyDXoxs;MTF - Inscritos;UNIASSELVI;
230;16/03/2023;Oton8XLk5f;HSM_Cobrança_Salesforce;UNIASSELVI;
231;17/03/2023;XmTUXyJ33E;hsm_vencimento_acordo;UNIASSELVI;
232;17/03/2023;KcuAtYz88x;Oferta Comercial 2;UNIASSELVI;
233;21/03/2023;sBYa4uO7ba;Prouni 21.03 Pre-selecionado;UNIASSELVI;
234;21/03/2023;ZPFN9fMCQ7;MTF - VENCIDOS OFERTA;UNIASSELVI;
235;21/03/2023;GmPAZQFyUt;UNIEDU_EXT_1;UNIASSELVI;
236;21/03/2023;5k6bkn5YgX;UNIEDU_EXT_2;UNIASSELVI;
237;21/03/2023;tL2dBQchH0;UNIEDU_EXT_3;UNIASSELVI;
238;21/03/2023;fpDquG6OwI;UNIEDU_PESQ_1;UNIASSELVI;
239;22/03/2023;EpP16kMInB;Polos Avaliação Online;UNIASSELVI;
240;22/03/2023;SwJealoqAN;MTF - VENCE PROXIMOS DIAS;UNIASSELVI;
241;22/03/2023;HwxQulPLYH;Não_Engajados;UNIASSELVI;
242;23/03/2023;8lneTsKY38;2 Chamada Prouni 23.03 Pre-selecionado;UNIASSELVI;
243;23/03/2023;mG3trb0Xil;Pós desconto + bônus;UNIASSELVI;
244;24/03/2023;SPQPn7U4c8;MTF - 79;UNIASSELVI;
245;27/03/2023;CLqhbijX1t;UNIEDU_PESQ_2;UNIASSELVI;
246;27/03/2023;XGYvmTTjhe;UNIEDU_PESQ_3;UNIASSELVI;
247;28/03/2023;c2u08y3IHa;INSCRITOS TÉCNICOS 3;UNIASSELVI;
248;28/03/2023;AfSvsmPs0g;INSCRITOS PROFISSIONALIZANTES 3;UNIASSELVI;
249;28/03/2023;gxrlAD0XAl;UNIEDU_PESQ_4;UNIASSELVI;
250;28/03/2023;GrzpdlZ2sM;UNIEDU_PESQ_1;UNIASSELVI;
251;29/03/2023;fPMwD2NLUu;3º Feirão - 29/03;UNIASSELVI;
252;30/03/2023;1OTpcyXSad;Veteranos - Antes do Início das Aulas;UNIASSELVI;
253;30/03/2023;DwMxIFrt9e;Veteranos - Início das Aulas;UNIASSELVI;
254;30/03/2023;0R9d7dQ2Wx;Prouni Pre-selecionado Último dia;UNIASSELVI;
255;30/03/2023;hEPVpZ2na7;Chuva_Polo_Blumenau;UNIASSELVI;
256;05/04/2023;tdEHrZdBve;Lista de Espera Prouni 05.04;UNIASSELVI;
257;05/04/2023;GNY6TTa68V;Polo_Blumenau_Tragedia;UNIASSELVI;
258;06/04/2023;x2TbeGcaX4;Lista de Espera Prouni 06.04;UNIASSELVI;
259;10/04/2023;bJNEGAApvI;Cross-Sell Uniasselvi 10.04;UNIASSELVI;
260;10/04/2023;OhVrAgSITO;Atendimento Leo App;UNIASSELVI;
261;13/04/2023;3HUE4KJaVN;Prouni Doc Lista Espera 13.04;UNIASSELVI;
262;14/04/2023;SvrI6PBEJH;MTF Quero pix;UNIASSELVI;
263;14/04/2023;sX3fWAE3rr;TÉC/PROF INSCRITOS Ñ CONVERTIDOS;UNIASSELVI;
264;17/04/2023;dM29gXXsxp;Prouni Doc Lista Espera 17.04;UNIASSELVI;
265;17/04/2023;a7bHKEFXey;Prouni Doc Lista Espera 18.04;UNIASSELVI;
266;17/04/2023;Tg9Q7SeiBs;Prouni Doc Lista Espera 19.04;UNIASSELVI;
267;17/04/2023;VhnfKHGr3f;Prouni Doc Lista Espera 19.04.2023;UNIASSELVI;
268;18/04/2023;5NisApQAKZ;PMA EAD 2023.1;UNIASSELVI;
269;18/04/2023;MWjrDWKmBp;HSM Contact Center 19.04;UNIASSELVI;
270;19/04/2023;3n4Y8twZaK;Pesquisa_MCKINSEY;UNIASSELVI;
271;19/04/2023;6wunAGMOmi;Avaliação 4 - Ultima Semana;UNIASSELVI;
272;19/04/2023;yTRwkEOpkF;TÉC/PROF PRÉ INSCRITOS;UNIASSELVI;
273;19/04/2023;Z2GB67bk12;HSM LP Incentivada 19.04;UNIASSELVI;
274;20/04/2023;kbIA7gH8U6;HSM Leo App 19.04;UNIASSELVI;
275;25/04/2023;CyjsWwAOjo;MTF - VENCE PROXIMOS DIAS 2;UNIASSELVI;
276;25/04/2023;G9oqO9MN7o;HSM Incentivada D+3;UNIASSELVI;
277;26/04/2023;b5perMNEIp;HSM Requentado Trabalhador 26.04;UNIASSELVI;
278;26/04/2023;ziBuUFgxUy;HSM Requentado Trabalhador 30.04;UNIASSELVI;
279;27/04/2023;JcdHbBfumz;Disparo IERGS 05.04;UNIASSELVI;
280;28/04/2023;g4Cn19IGpS;HSM Incentivada 28.04;UNIASSELVI;
281;03/05/2023;A1IPQNshtx;MTF - Vencidos MatFree 5;UNIASSELVI;
282;03/05/2023;JOlyIByAd4;LeoApp - Vencidos 5;UNIASSELVI;
283;04/05/2023;DFnDlbjvGa;Campanha Incentivada D+3 07.05;UNIASSELVI;
284;04/05/2023;RXlHwuQIW5;Campanha Incentivada D+3 07.05 S/OFT;UNIASSELVI;
285;04/05/2023;1BGfaOjfif;Retorno Prova;UNIASSELVI;
286;05/05/2023;VVOFw8iFEs;Feirão Especial;UNIASSELVI;
287;08/05/2023;wu2VfcpqXS;UNIEDU_Evento;UNIASSELVI;
288;09/05/2023;9whcuBdX8M;PÓS OFERTA FORMANDOS 60%;UNIASSELVI;
289;11/05/2023;wOxgGqGyxY;Ouvidoria;UNIASSELVI;
290;11/05/2023;JYxpXyXBjd;Indicacao Premiada - Dia das maes 12.05;UNIASSELVI;
291;11/05/2023;VKnP9MMnJF;Indicacao Premiada - Dia maes SV 12.05;UNIASSELVI;
292;16/05/2023;GMAJYjEAro;PRÉ INS;UNIASSELVI;
293;18/05/2023;WaNacZTpNW;Promo Geral - 19/05 a 22/05;UNIASSELVI;
294;18/05/2023;7HhsmvlEVv;Remat. Antecipada - Resposta: NÃO;UNIASSELVI;
295;18/05/2023;jC5CbwcJHA;Remat. Antecipada WhatsApp 03;UNIASSELVI;
296;22/05/2023;W1oeQFhc6w;Campanha 60% 22.05.2023;UNIASSELVI;
297;22/05/2023;L43iUDw2HB;Campanha 50% 22.05.2023;UNIASSELVI;
298;24/05/2023;ggFXmu5ANA;Campanha D+3 Prorrogada 24.05;UNIASSELVI;
299;24/05/2023;PkIVRpEU4q;Campanha Requentado Prorrogada 24.05;UNIASSELVI;
300;24/05/2023;qMHgwaZ2O5;Prorrogação Av4 - 27/05;UNIASSELVI;
301;26/05/2023;oXApjjZspm;Campanha 26.05 D+30;UNIASSELVI;
302;26/05/2023;N4YNRS5GWd;Campanha 26.05 D+3;UNIASSELVI;
303;26/05/2023;GxzAk1FwoM;Campanha 26.05 Requentado;UNIASSELVI;
304;26/05/2023;xAogkTnbk8;Potencial Renovação - 26/05;UNIASSELVI;
305;26/05/2023;5WNyA4TL4r;Campanha 26.05 D-3 - VF;UNIASSELVI;
306;29/05/2023;e2U9sBvv0V;Rematrícula Antecipada WhatsApp 02;UNIASSELVI;
307;30/05/2023;zDeCtPHKCO;Inscrito pós graduação D0;UNIASSELVI;
308;30/05/2023;fyiB2PJ6Vg;Inscrito pós graduação D1;UNIASSELVI;
309;30/05/2023;xK415mPNyW;Inscrito pós graduação D2;UNIASSELVI;
310;30/05/2023;fxED54s403;Inscrito pós graduação D3;UNIASSELVI;
311;30/05/2023;1QDitX2322;Inscrito pós graduação D6;UNIASSELVI;
312;30/05/2023;4v6oNYu121;Pré-Inscrito pós graduação D0;UNIASSELVI;
313;30/05/2023;PU52nWEMGY;Pré-Inscrito pós graduação D1;UNIASSELVI;
314;30/05/2023;TqQEkhIb1o;Pré-Inscrito pós graduação D2;UNIASSELVI;
315;30/05/2023;Qa7oHVytUo;Pré-Inscrito pós graduação D5;UNIASSELVI;
316;30/05/2023;t13Do7lAff;Campanha Incentivada Maio 2023/1;UNIASSELVI;
317;31/05/2023;L0rDw48MaR;ALUNO 24 HORAS INATIVO;UNIASSELVI;
318;31/05/2023;94cfGDohNw;Célula de Onboarding HSM 001x;UNIASSELVI;
319;13/06/2023;2TDgfriGuE;Prorrogação Av4 D1 e D2 - 13/06;UNIASSELVI;
320;21/06/2023;Ap8Yu9z9nE;cobranca_202306298467;UNIASSELVI;
321;22/06/2023;ioviSY9ZPv;Pré-inscrito Graduação EAD;UNIASSELVI;
322;22/06/2023;OqbwWyAT7g;Pré-inscrito Graduação EAD - C/ UTM;UNIASSELVI;
323;26/06/2023;3Cy4NB3ilw;Retenção;UNIASSELVI;
324;27/06/2023;sEBtC2dqIE;Tutor Mentor - Atendimento;UNIASSELVI;
325;28/06/2023;cZztgLGzSZ;Tutor Mentor - Onboarding;UNIASSELVI;
326;28/06/2023;FDl73zuzlM;retencao_uniasselvi_continuo;UNIASSELVI;
327;29/06/2023;GzKRAqXDQ6;Graduação EAD - Campanha 30.06.2023;UNIASSELVI;
328;30/06/2023;FUjkVHblUo;WhatsApp_01_Rematrícula Antecipada;UNIASSELVI;
329;04/07/2023;qWDv0TmQFV;Tardia Rematrícula 01;UNIASSELVI;
330;06/07/2023;AuVxmJq5kN;agendamento_provas_202307323004;UNIASSELVI;
331;06/07/2023;roCsoezmrA;Aceite de contrato - Onboarding 01;UNIASSELVI;
332;06/07/2023;jIIB2RSyMJ;Aceite de contrato - Onboarding 02;UNIASSELVI;
333;08/07/2023;sq55q3JC3X;Campanha D+3 - 07.07;UNIASSELVI;
334;11/07/2023;fTC2d1OYRf;Onboarding - 003 Contagem regressiva;UNIASSELVI;
335;11/07/2023;iqhYpWAsjN;Onboarding - 004 Contagem regressiva;UNIASSELVI;
336;12/07/2023;BfoRqFqFJN;msg_cobranca_novo;UNIASSELVI;
337;13/07/2023;ex5rX9spFL;Nutrição - Onboarding A;UNIASSELVI;
338;13/07/2023;cF0mHTY4Wp;Nutrição - Onboarding B;UNIASSELVI;
339;13/07/2023;XdA8vY4R90;msg_uniasselvi_avaliação;UNIASSELVI;
340;14/07/2023;AYcbN2TnOp;Último dia ProUni 1 Chamada 14.07;UNIASSELVI;
341;14/07/2023;0o5f1O1qBh;Msg_vencimento_202307357910;UNIASSELVI;
342;17/07/2023;HgNFuRagPq;Campanha D+3 17.07;UNIASSELVI;
343;17/07/2023;PVaHHgBS9e;Campanha D-3 17.07 N;UNIASSELVI;
344;18/07/2023;K4wwQQqCbA;Início das Aulas B - Onboarding 01;UNIASSELVI;
345;18/07/2023;YVLSj5qVmK;Início das Aulas B - Onboarding 02;UNIASSELVI;
346;18/07/2023;o0fGadXAbn;Início das Aulas B - Onboarding 03;UNIASSELVI;
347;21/07/2023;2xlM7SCscJ;D+3 Incentivada 24/07;UNIASSELVI;
348;25/07/2023;VBIIFAGH8b;uniedu_uniasselvi_25072023;UNIASSELVI;
349;25/07/2023;CIvGLgICnQ;Primeiro Encontro Técnico;UNIASSELVI;
350;25/07/2023;6bycQqyjd2;Primeiro Encontro Profissionalizante;UNIASSELVI;
351;27/07/2023;QuOaDTr1DQ;Presencial 27/07;UNIASSELVI;
352;27/07/2023;7pj9fMCSX0;D+7 WhatsApp 31.07;UNIASSELVI;
353;27/07/2023;KE5ldBbrqB;D+7 WhatsApp 27.07;UNIASSELVI;
354;27/07/2023;lKiaq0Y3zC;prorrog_boleto_27072023;UNIASSELVI;
355;28/07/2023;BW1u745xNI;Santander_bolsas;UNIASSELVI;
356;28/07/2023;SBRE3Qc0GK;D+7 WhatsApp 31.07 Sem Variavel;UNIASSELVI;
357;31/07/2023;1DSZguFqFM;Aula - Veterano Tec;UNIASSELVI;
358;31/07/2023;GrBDcOz7pd;Aula - Veterano Prof;UNIASSELVI;
359;31/07/2023;XkqfACM1xA;Novo Feirão 01 - médio credito;UNIASSELVI;
360;31/07/2023;9yN5xB1JgN;Contagem Regressiva - Onboarding 005;UNIASSELVI;
361;31/07/2023;tDAUriof1L;Grad EAD - Incentivada 50% 3107;UNIASSELVI;
362;31/07/2023;tI9ALIFDHR;bot_qualificacao_salesforce01;UNIASSELVI;
363;02/08/2023;zM2GwXT4jd;prorrogacao_boleto_02082023;UNIASSELVI;
364;02/08/2023;er0646bH6J;D+7 Incentivada 07.08;UNIASSELVI;
365;02/08/2023;mU0sOosfED;bolsa_uniedu_ultimodia_02082023;UNIASSELVI;
366;08/08/2023;mSbn3fOSqb;Cursos de Licenciatura 08.08;UNIASSELVI;
367;08/08/2023;TRS4fzvipo;Aniversário de RN 08.08;UNIASSELVI;
368;09/08/2023;TZP51TuR4L;errata_feirao_cobranca_09082023_01;UNIASSELVI;
369;09/08/2023;hhmqdvOhiz;errata_feirao_cobranca_09082023_02;UNIASSELVI;
370;10/08/2023;iEtXXUXPYn;Onboarding - Atividades 001;UNIASSELVI;
371;10/08/2023;w26MmXjsAo;Boleto vencido - Polos Próprios;UNIASSELVI;
372;10/08/2023;vVgSBcGAUh;Boleto a vencer - Polos Próprios;UNIASSELVI;
373;11/08/2023;NouWqVrQ6b;INSCRITOS TÉC/PROF DESCONTO + VANTAGENS;UNIASSELVI;
374;11/08/2023;N1Y56drpdx;Requentado Score Maior 11.08;UNIASSELVI;
375;11/08/2023;MTGWeGhi1O;D+7 Incentivada 14.08;UNIASSELVI;
376;14/08/2023;B1dJkXwbQw;Oportundiade Incentivada 14.08;UNIASSELVI;
377;14/08/2023;3QtFr0uEg6;UNIEDU - 2ª JANELA DE RENOVAÇÃO;UNIASSELVI;
378;14/08/2023;zglDAUN32V;FEIRÃO - ALTO CREDITO;UNIASSELVI;
379;14/08/2023;Uv8MySACP1;MEDIO CREDITO - FEIRÃO;UNIASSELVI;
380;19/04/2024;ziTnEbewF0;U-EAD-PRO-CAPT-LeadsTecProfSemOferta;UNIASSELVI;
381;19/04/2024;eE7cOSUXqD;U-EAD-POS-CAPT-TccOptativo;UNIASSELVI;
382;19/04/2024;YiTno0pDG0;U-EAD-POS-CAPT-BolsaPromocional;UNIASSELVI;
383;19/04/2024;bi3Zw7YQdF;U-EAD-PRO-CAPT-ProfissionalizantesLeads;UNIASSELVI;
384;18/04/2024;848a5huSgU;U-EAD-PRO-CAPT-NãoConvertidosLeads;UNIASSELVI;
385;18/04/2024;Vkouiz4Fhe;U-EAD-GRAD-CAPT-1Pago;UNIASSELVI;
386;18/04/2024;FKg61TizJ5;U-EAD-GRAD-CAPT-1Gratis;UNIASSELVI;
387;18/04/2024;5FjojAHZxa;U-EAD-TEC-CAPT-NãoConvertidosEdital;UNIASSELVI;
388;18/04/2024;70r4wE1Saa;U-EAD-CAPT-POS-Vencidos2024;UNIASSELVI;
389;17/04/2024;1izdBtT62l;R - Ação Movva 3;UNIASSELVI;
390;17/04/2024;Id3l2hfmyo;R-EAD-POS-CAPT-Formados;UNIASSELVI;
391;17/04/2024;C5arEZGrts;U-PRES_GRAD_CAPT - Inscritos - SG/BLU;UNIASSELVI;
392;16/04/2024;OUmaEZrd3e;U-EAD-PRO-CAPT-LeadsProfeTec;UNIASSELVI;
393;15/04/2024;FTrYl6BBfc;R - Feirão_Vencidos;UNIASSELVI;
394;15/04/2024;DjNmH5DIuD;R-EAD-POS-CAPT-Formados2;UNIASSELVI;
395;15/04/2024;mybAQAafXH;U-EAD-PRO-CAPT-CursosLivres;UNIASSELVI;
396;15/04/2024;5Ei7awEx9v;Cobrança 1 c/ horário;UNIASSELVI;
397;15/04/2024;0EjfsQQavy;U_EAD_Novos-cursos_15042024_202404142733;UNIASSELVI;
398;13/04/2024;qKuNHsXXCZ;R-EAD-POS-CAPT-VencidosReforço;UNIASSELVI;
399;12/04/2024;NsrEAuA6iS;U-EAD-PRO-CAPT-NaoConvertidosAbril;UNIASSELVI;
400;12/04/2024;BmlEWo9fr7;U-EAD-POS-CAPT-IndicaçãoPremiada;UNIASSELVI;
401;12/04/2024;1xJa67Hcag;U_EAD2_Oferta-vigente_Gratis_12042024;UNIASSELVI;
402;12/04/2024;GxDZHnC6Xh;U_EAD1_Oferta-vigente_Pago_12042024;UNIASSELVI;
403;12/04/2024;M5xyL2XdKi;U_EAD_Oferta-vigente_Pago_12042024;UNIASSELVI;
404;12/04/2024;TNtIjNytyT;U_EAD_Oferta-vigente_Gratis_12042024;UNIASSELVI;
405;10/04/2024;wwmZG5Fafq;R-EAD-PRO-CAPT-PréInscritos;UNIASSELVI;
406;09/04/2024;CmXNzuMI10;R-EAD-PÓS-CAPT-BoletosDoDia;UNIASSELVI;
407;09/04/2024;eMk8Tl6KLc;R-EAD-POS-CAPT-Vencidos-2;UNIASSELVI;
408;09/04/2024;AgvLBWnGr5;U-EAD-POS-EGJ-Boas-Vindas;UNIASSELVI;
409;09/04/2024;K4WrZlr2uh;R-EAD-PÓS-CAPT-Inscritos-1;UNIASSELVI;
410;09/04/2024;NYUV15FDJ4;U-EAD-GRAD-CAPT - Não engajado;UNIASSELVI;
411;09/04/2024;voC07kp6hA;U-EAD-POS-EGJ-Cancelados;UNIASSELVI;
412;08/04/2024;jfxrG5KG1u;Erro sistêmico;UNIASSELVI;
413;08/04/2024;jg2F900Vwj;U-EAD-PROF-CAPT-PreInscritos;UNIASSELVI;
414;08/04/2024;PuGqF1Naa3;U-EAD-POS-CAPT-PreInscritos;UNIASSELVI;
415;08/04/2024;LOBSHwe5ZE;U_EAD_Oferta-vigente2_Pago_08042024;UNIASSELVI;
416;08/04/2024;2KtZH4Qlb2;U_EAD_Oferta-vigente2_Gratis_08042024;UNIASSELVI;
417;08/04/2024;XsrCMW9dlF;U_EAD_Oferta-vigente_Pago_08042024;UNIASSELVI;
418;08/04/2024;IhgXEUoQG8;U_EAD_Oferta-vigente_Gratis_08042024;UNIASSELVI;
419;05/04/2024;sija6AhLmI;EGJ - OFERTA WINBACK;UNIASSELVI;
420;05/04/2024;rmJTnaLFMF;R - Movva_Disparo_08.04;UNIASSELVI;
421;04/04/2024;5u2XvUboXN;EGJ - SEM ACEITE;UNIASSELVI;
422;04/04/2024;WxFtrcYh7g;R-EAD-TEC-CAPT-SemAceite;UNIASSELVI;
423;04/04/2024;WCSFLus12M;R-EAD-TEC-CAPT-EnsalamentoOnline;UNIASSELVI;
424;02/04/2024;8ORK72cwWX;U-CAPT-merchan-02042024;UNIASSELVI;
425;01/04/2024;Fa0JU6O4yQ;SANTANDER_FACILITA_UNIASSELVI_01.04;UNIASSELVI;
426;01/04/2024;TamnRRCWEO;FUMDES_DISPARO 01/04;UNIASSELVI;
427;28/03/2024;O70R1um9gB;U-EAD-POS-CAPT-UltimaChanceDesconto;UNIASSELVI;
428;27/03/2024;3nnsKxGcSW;U-EAD-PROF-CAPT-TempoSeEsgotando;UNIASSELVI;
429;27/03/2024;nGqhILBvrC;U-EAD-POS-CAPT-VencidosPós;UNIASSELVI;
430;27/03/2024;5dj65aVbCd;U-EAD-POS-CAPT-NãoConvertidosPós;UNIASSELVI;
431;26/03/2024;QMjROlWmsm;U-EAD-PROF-CAPT-UltimosDiasOferta;UNIASSELVI;
432;26/03/2024;HmDhosAhQw;Matriculados_FUMDES_26.03.24;UNIASSELVI;
433;25/03/2024;9CqsHmpTzl;INCENTIVANDO AS INSCRIÇÕES - FUMDES_2503;UNIASSELVI;
434;23/03/2024;pJjFnJnCr9;U-EAD-PROF-CAPT-SemIntOferta;UNIASSELVI;
435;23/03/2024;JzQyuYkFXK;R-EAD-POS-CAPT-ReforçoPréInscritos;UNIASSELVI;
436;23/03/2024;qi5QfD2R1y;R-PRO-CAPT-Inscritosdia(-1);UNIASSELVI;
437;22/03/2024;haK5MVEQ4C;R - 001 Movva;UNIASSELVI;
438;22/03/2024;EJuPD5aAad;R - Movva 002;UNIASSELVI;
439;20/03/2024;n4U9qU4HRF;R-Inscritos-Pos-Graduacao-Bol-Vencido;UNIASSELVI;
440;19/03/2024;LtbscIZPq5;PÓS - FORMADOS NÃO CONVERTIDOS;UNIASSELVI;
441;19/03/2024;anOunpWxdV;FUMDES PRESENCIAL LAGES_19.03.24;UNIASSELVI;
442;18/03/2024;VM5vq5Dila;Renovação_FUMDES01 - 19.03;UNIASSELVI;
443;18/03/2024;1282VszZnK;R - CSC_Cobrança;UNIASSELVI;
444;16/03/2024;ylUgB4sJ09;TÉC PROF AÇÃO SEM INTERAÇÃO;UNIASSELVI;
445;14/03/2024;BY0CxWLcu6;PÓS DESCONTO DIA DO CONSUMIDOR 60;UNIASSELVI;
446;14/03/2024;4IfGLJ6JYD;Santander_disparo;UNIASSELVI;
447;14/03/2024;f49D1YqPR7;PÓS - DIA DO CONSUMIDOR;UNIASSELVI;
448;14/03/2024;ZZ3ekTw0AA;PROF - DIA DO CONSUMIDOR;UNIASSELVI;
449;13/03/2024;Mi2r9Kt2Iy;EGJ - SEM AGENDAMENTO;UNIASSELVI;
450;12/03/2024;JwP0ahoK1V;Não Engajado - CC;UNIASSELVI;
451;12/03/2024;VRSZ3hwK28;VENCIDOS/A VENCER DIGITAL;UNIASSELVI;
452;11/03/2024;6K5fV8nfL4;EGJ AV2 AGENDADA;UNIASSELVI;
453;11/03/2024;viaO5nyfSF;Incentivadas_Tecnico_EdAtual_D-1_1103;UNIASSELVI;
454;06/03/2024;kweYY4Ndbr;Projeto Sofia - Bioquímica Básica_0603;UNIASSELVI;
455;06/03/2024;ks59GGC8Lp;TÉC/PROF - INSCRITOS DO DIA (DIÁRIO);UNIASSELVI;
456;05/03/2024;hlVFVBRGYq;UNIEDU-Ren_Ainda_Não_Enviou-02_0503;UNIASSELVI;
457;05/03/2024;6Sr1cwubde;UNIEDU-Ren_Já_Enviou_Regulariza_0503;UNIASSELVI;
458;05/03/2024;3BH7uVtkC8;UNIEDU-Ren_Ainda_Não_Enviou_0503;UNIASSELVI;
459;05/03/2024;MoFE5VtuGN;EGJ LIVE É HJ TEC;UNIASSELVI;
460;05/03/2024;STBMJ6KiiL;EGJ É HJ LIVE PROF;UNIASSELVI;
461;04/03/2024;juJMePpgxo;UNIEDU-aluno_ainda_não_enviou_Presencial;UNIASSELVI;
462;04/03/2024;TQAWDVyMGN;UNIEDU-aluno que já enviou e precisa reg;UNIASSELVI;
463;04/03/2024;MsakQEHW7P;UNIEDU-Renovação aluno ainda não enviou;UNIASSELVI;
464;04/03/2024;KfVYwfbbJV;Medidas e Avaliação em Educação Física;UNIASSELVI;
465;04/03/2024;7ahVzaMwGy;Ação_Cobrança;UNIASSELVI;
466;29/02/2024;3wNKc8HAF8;PÓS - ÚLTIMAS HORAS (29 FEV);UNIASSELVI;
467;27/02/2024;KBWIozoLOm;PÓS - OFERTA RELÂMPAGO (NOVA);UNIASSELVI;
468;27/02/2024;VvpLC4AAlw;PROF - OFERTA RELÂMPAGO (NOVA);UNIASSELVI;
469;27/02/2024;TE8X7f6RyU;RL - Rematrícula Cursos VETERANOS;UNIASSELVI;
470;27/02/2024;Z2PCfdwZxp;HSM02_Dia04_Jornada_LeadsPresencial;UNIASSELVI;
471;27/02/2024;gbrb2i9ISL;HSM01_Dia02_Jornada_LeadsPresencial;UNIASSELVI;
472;26/02/2024;xltttOPyJz;PROF - LP E LIVRES (AÇÕES);UNIASSELVI;
473;23/02/2024;E0yRiIIT0Z;Cobrança_acordos_vencidos_Feirão;UNIASSELVI;
474;22/02/2024;dkInz2oUeJ;PROF - DIA D (25 ANOS UNIASSELVI);UNIASSELVI;
475;22/02/2024;JNRsFaPYdw;PÓS - DIA D (25 ANOS UNIASSELVI);UNIASSELVI;
476;22/02/2024;K2UZBW1JoH;R-Inscritos-Profissionalizantes-D5;UNIASSELVI;
477;22/02/2024;cmi6w7AzEd;R-Inscritos-Profissionalizantes-D1;UNIASSELVI;
478;22/02/2024;ks3dkfuHYx;R-Inscritos-Profissionalizantes-D0;UNIASSELVI;
479;22/02/2024;zbhvdtYVFw;ERRATA:Incentivados_Tecnico_Abaixo15dias;UNIASSELVI;
480;22/02/2024;tYSX5vDEQM;R-Pre-Inscritos-Profissionalizantes-D5;UNIASSELVI;
481;22/02/2024;gtMTDkUfwR;R-Pre-Inscritos-Profissionalizantes-D2;UNIASSELVI;
482;22/02/2024;wihs1kEKrP;R-Pre-Inscritos-Profissionalizantes-D1;UNIASSELVI;
483;22/02/2024;ocz4hYqfSn;R-Pre-Inscritos-Profissionalizantes-D0;UNIASSELVI;
484;22/02/2024;tMKpLZTegc;Incentivados_Tecnico_Abaixo15dias;UNIASSELVI;
485;21/02/2024;jmrGEMgrDz;Formação_de_turma;UNIASSELVI;
486;21/02/2024;LQHZHr16pm;R-Inscritos-Tecnicos-D2;UNIASSELVI;
487;21/02/2024;aC61z3pcDV;R-Inscritos-Tecnicos-D1;UNIASSELVI;
488;21/02/2024;GZrkdD0NnQ;R-Inscritos-Tecnicos-D0;UNIASSELVI;
489;21/02/2024;ZcozpEECIT;Célula_Onboarding;UNIASSELVI;
490;20/02/2024;dnksbBtLMA;R-Pre-Inscritos-Tecnicos-D5;UNIASSELVI;
491;20/02/2024;dClnwQIH0X;R-Pre-Inscritos-Tecnicos-D1-CORRETO;UNIASSELVI;
492;20/02/2024;OpVl1VPvmt;R-Pre-Inscritos-Tecnicos-D2;UNIASSELVI;
493;20/02/2024;jLDoRhf2QH;R-Pre-Inscritos-Tecnicos-D0;UNIASSELVI;
494;19/02/2024;rjMMb48wvy;Inscritos_Presencial_Edi20241_190224;UNIASSELVI;
495;16/02/2024;oiYjlorJeq;RL - Início das Aulas/Onboarding;UNIASSELVI;
496;15/02/2024;jA3pShOagr;É HOJE LIVE VET TECNICO;UNIASSELVI;
497;14/02/2024;HEkNRDCKwY;RL - Rematrícula Recorrente;UNIASSELVI;
498;09/02/2024;pWOIBQGVkJ;PÓS - CUPOM VIMDOINSTA;UNIASSELVI;
499;09/02/2024;wAn1jxdit9;PRÉ INSCRITOS POS DIA D;UNIASSELVI;
500;08/02/2024;YPFEJy00DA;PÓS - PESQUISA (ATUALIZADO);UNIASSELVI;
501;08/02/2024;rV1ibahRdR;FUMDES;UNIASSELVI;
502;01/02/2024;1MPorVymfU;Teste_Movva_02;UNIASSELVI;
503;01/02/2024;r7gLVm2kGm;Feirão_03;UNIASSELVI;
504;01/02/2024;ywIkWsV2D3;Feirão_02;UNIASSELVI;
505;01/02/2024;1LDFX7aENF;Feirão_01;UNIASSELVI;
506;31/01/2024;v8vGEvYauF;R-Segunda-Grad-Paralelo;UNIASSELVI;
507;24/01/2024;Vcm6Ue4bEB;R-Inscritos-Pós-Graduação-D6;UNIASSELVI;
508;24/01/2024;HPtTrViUzg;R-Inscritos-Pós-Graduação-D2;UNIASSELVI;
509;24/01/2024;Ra7ustGH5w;R-Inscritos-Pós-Graduação-D1;UNIASSELVI;
510;24/01/2024;8uLnU2IooF;R-Inscritos-Pós-Graduação-D0;UNIASSELVI;
511;24/01/2024;U0Lb0lcvWD;R-Pré-Inscritos-Pós-Graduação-D5;UNIASSELVI;
512;24/01/2024;rvFm0knCDw;R-Pré-Inscritos-Pós-Graduação-D2;UNIASSELVI;
513;24/01/2024;LBgyllwWph;R-Pré-Inscritos-Pós-Graduação-D1;UNIASSELVI;
514;24/01/2024;11hTWEBmmr;R-Pré-Inscritos-Pós-Graduação-D0;UNIASSELVI;
515;23/01/2024;GZ3FvfHzfG;R-Contact-Center-01-AUPEX-Leads;UNIASSELVI;
516;23/01/2024;IvwAStbdTo;PRÉ - BENEFIC. POLOS;UNIASSELVI;
517;23/01/2024;lQLZkNZnSZ;PÓS OFERTA 60 + MAT;UNIASSELVI;
518;19/01/2024;9RkXijvhGF;R-Contact-Center-01;UNIASSELVI;
519;18/01/2024;e2oSnwvR1Y;Jornada 2 - mensalidade não recorrente;UNIASSELVI;
520;10/01/2024;Vc7nu6lvuc;Cobrança_Vencidos_e_a_Vencer;UNIASSELVI;
521;15/12/2023;htDtYgMsel;U-Contact-Center-Geral;UNIASSELVI;
522;12/12/2023;oKjMhzZGxn;Cobrança_regularizar_débitos;UNIASSELVI;
523;06/12/2023;FFsxkYKOCU;Leads_LP_Contact_Center;UNIASSELVI;
524;24/11/2023;BePWl8CYue;Retenção - Aguadando Aceite 02;UNIASSELVI;
525;24/11/2023;jVxWqB6Dv7;Retenção - Aguardando Aceite 01 ;UNIASSELVI;
526;23/11/2023;uFRUpuTJW6;Retenção - Aluno disse NÃO a proposta;UNIASSELVI;
527;20/11/2023;tD75zOvtVj;Retenção_Jornada_Completa_;UNIASSELVI;
528;20/11/2023;lHh3Q8yEgx;Retenção 04 (D+25);UNIASSELVI;
529;20/11/2023;fLo2PeMNiC;Retenção 03 (D+15);UNIASSELVI;
530;20/11/2023;h7vV3HYfbS;Retenção 02 (D+7);UNIASSELVI;
531;20/11/2023;OyimoKbRCn;Retenção 01 - Polo;UNIASSELVI;
532;14/11/2023;9QrQnBX9CR;HSM 001 - Aulas já começaram;UNIASSELVI;
533;14/11/2023;fkYIIhfX6d;HSM 001 - Engajamento Inicial;UNIASSELVI;
534;14/11/2023;btqkZfAa9v;HSM 001 - Aceite de Contrato;UNIASSELVI;
535;09/11/2023;y75cK51yop;Onboarding - Nutrição B (001);UNIASSELVI;
536;30/10/2023;qJGN4COXH7;Oferta Especial Balcão 249$ - 30.10;UNIASSELVI;
537;27/10/2023;wjQL0mr3Lg;Oferta Especial Balcão 149$ - 27.10;UNIASSELVI;
538;24/10/2023;GXP7g2gC5t;Débitos CSC - Cobrança ;UNIASSELVI;
539;19/10/2023;QLlcxveAeb;Oportunidade dia do TI 19.10;UNIASSELVI;
540;09/09/2019;GDwkruLMjM;;UNIASSELVI;
541;09/09/2019;6grrodPs8I;;UNIASSELVI;
542;09/09/2019;Df1Bup88sc;;UNIASSELVI;
543;09/09/2019;H8bAVHOP3h;;UNIASSELVI;
544;09/09/2019;LDwOO8QTb5;;UNIASSELVI;
545;09/09/2019;8HAF61P8Jd;;UNIASSELVI;
546;09/09/2019;Brnsyt9LTD;;UNIASSELVI;
547;09/09/2019;BvicORjVks;;UNIASSELVI;
548;16/08/2019;1Ud75kpzNm;;UNIASSELVI;
549;16/08/2019;yLg0OcIewS;;UNIASSELVI;
550;16/08/2019;64YJAwZPKP;;UNIASSELVI;
551;16/08/2019;dGpCrTykRN;;UNIASSELVI;
552;16/08/2019;Q0urVapfZ9;;UNIASSELVI;
553;16/08/2019;jl7YD6k2BE;;UNIASSELVI;
554;08/08/2019;EuA0RCNEA3;;UNIASSELVI;
555;08/08/2019;V0iRaKrk2W;;UNIASSELVI;
556;08/08/2019;NStWAyKmdN;;UNIASSELVI;
557;08/08/2019;jff08JUXt5;;UNIASSELVI;
558;06/08/2019;XKw4dKCxUW;;UNIASSELVI;
559;24/07/2019;IuzDdwDtRc;;UNIASSELVI;
560;03/07/2019;FH08vM0Qc1;;UNIASSELVI;
561;03/07/2019;Xo64lfzaHU;;UNIASSELVI;
562;05/06/2019;0GM6rCJWIa;;UNIASSELVI;
563;22/04/2019,;gaW16ESxZF,;;UNIASSELVI;
